{
    "restartPoint": {},
    "restartBot": {},
    "userAgent": {},
    "keyCommand": "",
    "namecreator": "AREZA BOT",
    "autoAdd": false,
    "autoJoin": false,
    "autoReject": True,
    "autoLeave": true,
    "autoRead": false,
    "server": {},
    "changePicture": false,
    "changeGroupPicture": false,
    "autoJoinTicket": false,
    "Img": {},
    "Images": {},
    "Addimage": false,
    "ARAdmin": {},
    "ARGfoto": {},
    "ARSDadmin": false,
    "ARSDstaff": false,
    "ARSadmin": false,
    "ARSstaff": false,
    "ARStaff": {},
    "ARautojoin": true,
    "ARautoread": false,
    "ARautoscan": false,
    "ARblacklist": {},
    "ARdblacklist": false,
    "ARfoto": {},
    "ARgreet": {},
    "ARlimit": 1,
    "ARmessage": "Hallo...",
    "ARmessage1": "ADD ME",
    "ARprotcancel": {},
    "ARprotinvite": {},
    "ARprotkick": {},
    "ARprotqr": {},
    "ARreadMember": {},
    "ARreadPoint": {},
    "ARwblacklist": false
}
